agency_name,facility_types,approx_pop,contact_person,contact_title,contact_phone,contact_email,rand_numb
US Navy Naval Facilities Engineering Command Southwest,Treatment | Disposal,488204,Person from US Navy Naval Facilities Engineering Command Southwest,Job Title,1-800-555-2804,person@agency.gov,4
US Navy Treasure Island,Interception | Treatment | Disposal,691245,Person from US Navy Treasure Island,Job Title,1-800-555-6287,person@agency.gov,7
US Marine Corps Base Camp Pendleton,Interception | Treatment | Disposal,673396,Person from US Marine Corps Base Camp Pendleton,Job Title,1-800-555-6800,person@agency.gov,6
"US Army Garrison, Presidio of Monterey",Interception | Treatment,492312,"Person from US Army Garrison, Presidio of Monterey",Job Title,1-800-555-3977,person@agency.gov,8
Clovis City,Treatment,52757,Person from Clovis City,Job Title,1-800-555-3942,person@agency.gov,5
Placerville City,Collection | Interception | Treatment | Disposal,70616,Person from Placerville City,Job Title,1-800-555-1023,person@agency.gov,1
Malaga CWD,Treatment,341508,Person from Malaga CWD,Job Title,1-800-555-6418,person@agency.gov,5
Ca Dept of Corrections Imperial,Collection | Interception | Treatment,538180,Person from Ca Dept of Corrections Imperial,Job Title,1-800-555-8509,person@agency.gov,2
Los Angeles County Sanitation Districts,Collection | Interception | Treatment | Disposal,365249,Person from Los Angeles County Sanitation Districts,Job Title,1-800-555-7244,person@agency.gov,1
San Francisco International Airport,Interception | Treatment | Disposal,698870,Person from San Francisco International Airport,Job Title,1-800-555-2840,person@agency.gov,6
Martinez Shell Refining Company,Collection | Interception | Treatment | Disposal,818525,Person from Martinez Shell Refining Company,Job Title,1-800-555-3198,person@agency.gov,1
USS-Posco Industries,Treatment,227705,Person from USS-Posco Industries,Job Title,1-800-555-9301,person@agency.gov,5
"Lehigh Southwest Cement Company, Permanente Facility",Interception | Treatment | Disposal,125213,"Person from Lehigh Southwest Cement Company, Permanente Facility",Job Title,1-800-555-3949,person@agency.gov,6
Truckee Meadows Water Authority,Interception | Treatment,797815,Person from Truckee Meadows Water Authority,Job Title,1-800-555-3660,person@agency.gov,8
American Canyon City PWD,Interception | Treatment,806035,Person from American Canyon City PWD,Job Title,1-800-555-6213,person@agency.gov,8
Arcata City,Interception | Treatment,444085,Person from Arcata City,Job Title,1-800-555-3028,person@agency.gov,8
Auburn City,Interception | Treatment | Disposal,226772,Person from Auburn City,Job Title,1-800-555-6216,person@agency.gov,6
Avalon City,Collection | Treatment,361353,Person from Avalon City,Job Title,1-800-555-8019,person@agency.gov,3
Benicia City,Treatment | Disposal,642767,Person from Benicia City,Job Title,1-800-555-7972,person@agency.gov,4
Brawley City,Treatment | Disposal,307396,Person from Brawley City,Job Title,1-800-555-1776,person@agency.gov,4
Brentwood City, Interception | Disposal,585126,Person from Brentwood City,Job Title,1-800-555-3786,person@agency.gov,10
Burlingame City PWD,Interception | Treatment | Disposal,888176,Person from Burlingame City PWD,Job Title,1-800-555-8142,person@agency.gov,7
Burbank City DPW, Interception | Disposal,275948,Person from Burbank City DPW,Job Title,1-800-555-2931,person@agency.gov,10
City of Pacifica,Interception | Treatment | Disposal,520535,Person from City of Pacifica,Job Title,1-800-555-7074,person@agency.gov,6
Calexico City,Collection | Interception | Treatment | Disposal,587896,Person from Calexico City,Job Title,1-800-555-8599,person@agency.gov,1
Ca Dept of Corrections San Luis Obispo, Interception | Disposal,245125,Person from Ca Dept of Corrections San Luis Obispo,Job Title,1-800-555-6346,person@agency.gov,10
Calipatria City,Interception | Treatment,631320,Person from Calipatria City,Job Title,1-800-555-7312,person@agency.gov,8
Encina Wastewater Authority,Interception | Treatment,907563,Person from Encina Wastewater Authority,Job Title,1-800-555-2270,person@agency.gov,8
Carmel Area Wastewater District,Collection | Interception | Treatment,866690,Person from Carmel Area Wastewater District,Job Title,1-800-555-2596,person@agency.gov,2
Carpinteria SD,Collection | Treatment,499586,Person from Carpinteria SD,Job Title,1-800-555-3519,person@agency.gov,3
Central Contra Costa Sanitary District,Interception | Treatment | Disposal,425589,Person from Central Contra Costa Sanitary District,Job Title,1-800-555-7466,person@agency.gov,6
Central Marin Sanitation Agency,Treatment,514257,Person from Central Marin Sanitation Agency,Job Title,1-800-555-8857,person@agency.gov,5
Live Oak City, Interception | Disposal,238364,Person from Live Oak City,Job Title,1-800-555-5749,person@agency.gov,10
Merced City,Treatment | Disposal,327204,Person from Merced City,Job Title,1-800-555-1420,person@agency.gov,4
Redding City,Interception | Treatment | Disposal,309119,Person from Redding City,Job Title,1-800-555-9798,person@agency.gov,6
Cloverdale City,Treatment,300764,Person from Cloverdale City,Job Title,1-800-555-5711,person@agency.gov,5
Coachella SD,Collection | Interception | Treatment | Disposal,257697,Person from Coachella SD,Job Title,1-800-555-5067,person@agency.gov,1
West County Agency,Collection | Treatment,752728,Person from West County Agency,Job Title,1-800-555-2126,person@agency.gov,3
Sacramento City,Interception | Treatment | Disposal,343552,Person from Sacramento City,Job Title,1-800-555-2889,person@agency.gov,6
Corning City, Interception | Disposal,272989,Person from Corning City,Job Title,1-800-555-5623,person@agency.gov,10
Crescent City,Collection | Disposal,807158,Person from Crescent City,Job Title,1-800-555-1189,person@agency.gov,9
Coachella Valley WD,Collection | Interception | Treatment | Disposal,25350,Person from Coachella Valley WD,Job Title,1-800-555-3802,person@agency.gov,1
Camarillo Sanitary District,Collection | Interception | Treatment,780352,Person from Camarillo Sanitary District,Job Title,1-800-555-2569,person@agency.gov,2
Camrosa Water District, Interception | Disposal,380976,Person from Camrosa Water District,Job Title,1-800-555-5803,person@agency.gov,10
Pinole City,Collection | Interception | Treatment | Disposal,322603,Person from Pinole City,Job Title,1-800-555-9267,person@agency.gov,1
Davis City, Interception | Disposal,487963,Person from Davis City,Job Title,1-800-555-2916,person@agency.gov,10
El Dorado Irrigation District,Collection | Interception | Treatment | Disposal,108568,Person from El Dorado Irrigation District,Job Title,1-800-555-9001,person@agency.gov,1
Delta Diablo,Treatment,168864,Person from Delta Diablo,Job Title,1-800-555-7027,person@agency.gov,5
Town of Discovery Bay CSD,Treatment | Disposal,43224,Person from Town of Discovery Bay CSD,Job Title,1-800-555-7727,person@agency.gov,4
Roseville City, Interception | Disposal,588942,Person from Roseville City,Job Title,1-800-555-3196,person@agency.gov,10
Dublin San Ramon Services District (WWTP NPDES & SSO),Collection | Treatment,2703,Person from Dublin San Ramon Services District (WWTP NPDES & SSO),Job Title,1-800-555-4801,person@agency.gov,3
Vacaville City DPW, Interception | Disposal,237958,Person from Vacaville City DPW,Job Title,1-800-555-8049,person@agency.gov,10
East Bay Dischargers Authority,Collection | Interception | Treatment | Disposal,920721,Person from East Bay Dischargers Authority,Job Title,1-800-555-3615,person@agency.gov,1
East Bay MUD (WPCP),Treatment,345254,Person from East Bay MUD (WPCP),Job Title,1-800-555-3740,person@agency.gov,5
El Centro City,Collection | Disposal,518617,Person from El Centro City,Job Title,1-800-555-6326,person@agency.gov,9
Santa Barbara City PWD, Interception | Disposal,817898,Person from Santa Barbara City PWD,Job Title,1-800-555-5644,person@agency.gov,10
USDI National Park Service Yosemite National Park,Interception | Treatment,727450,Person from USDI National Park Service Yosemite National Park,Job Title,1-800-555-4516,person@agency.gov,8
SOCWA-Aliso Creek Ocean O/F,Collection | Disposal,65516,Person from SOCWA-Aliso Creek Ocean O/F,Job Title,1-800-555-4238,person@agency.gov,9
Eureka City, Interception | Disposal,685799,Person from Eureka City,Job Title,1-800-555-5706,person@agency.gov,10
Fallbrook Public Utility District,Collection | Treatment,907572,Person from Fallbrook Public Utility District,Job Title,1-800-555-4959,person@agency.gov,3
Fort Bragg City,Treatment | Disposal,353580,Person from Fort Bragg City,Job Title,1-800-555-2871,person@agency.gov,4
Fortuna City,Treatment | Disposal,280688,Person from Fortuna City,Job Title,1-800-555-2950,person@agency.gov,4
Fairfield Suisun Sewer District,Collection | Treatment,991129,Person from Fairfield Suisun Sewer District,Job Title,1-800-555-4286,person@agency.gov,3
Galt City,Treatment,49646,Person from Galt City,Job Title,1-800-555-7087,person@agency.gov,5
Goleta SD,Collection | Disposal,197074,Person from Goleta SD,Job Title,1-800-555-5837,person@agency.gov,9
Grass Valley City,Interception | Treatment,189898,Person from Grass Valley City,Job Title,1-800-555-3406,person@agency.gov,8
Escondido City,Collection | Treatment,421302,Person from Escondido City,Job Title,1-800-555-1518,person@agency.gov,3
Hayward City,Interception | Treatment | Disposal,118913,Person from Hayward City,Job Title,1-800-555-2223,person@agency.gov,6
Healdsburg City, Interception | Disposal,991125,Person from Healdsburg City,Job Title,1-800-555-7484,person@agency.gov,10
Thousand Oaks City,Treatment | Disposal,447069,Person from Thousand Oaks City,Job Title,1-800-555-2571,person@agency.gov,4
Los Angeles City Bureau of Sanitation,Collection | Interception | Treatment | Disposal,597428,Person from Los Angeles City Bureau of Sanitation,Job Title,1-800-555-2210,person@agency.gov,1
Imperial City, Interception | Disposal,593989,Person from Imperial City,Job Title,1-800-555-8846,person@agency.gov,10
Ironhouse Sanitary District,Collection | Treatment,298805,Person from Ironhouse Sanitary District,Job Title,1-800-555-4502,person@agency.gov,3
Joint Outfall System,Interception | Treatment | Disposal,989814,Person from Joint Outfall System,Job Title,1-800-555-7163,person@agency.gov,7
Oceanside City,Interception | Treatment | Disposal,900803,Person from Oceanside City,Job Title,1-800-555-6467,person@agency.gov,6
Las Gallinas Valley Sanitary District,Treatment,889019,Person from Las Gallinas Valley Sanitary District,Job Title,1-800-555-9862,person@agency.gov,5
SOCWA-San Juan Creek Ocean O/F,Treatment,82291,Person from SOCWA-San Juan Creek Ocean O/F,Job Title,1-800-555-1532,person@agency.gov,5
Linda Cnty Water District,Collection | Treatment,6222,Person from Linda Cnty Water District,Job Title,1-800-555-9933,person@agency.gov,3
Livermore City,Interception | Treatment | Disposal,918178,Person from Livermore City,Job Title,1-800-555-5262,person@agency.gov,7
Lompoc City,Interception | Treatment | Disposal,351027,Person from Lompoc City,Job Title,1-800-555-5104,person@agency.gov,6
Lincoln City,Interception | Treatment | Disposal,952630,Person from Lincoln City,Job Title,1-800-555-6737,person@agency.gov,6
Manteca City,Interception | Treatment | Disposal,400310,Person from Manteca City,Job Title,1-800-555-1817,person@agency.gov,7
McKinleyville CSD,Collection | Disposal,86734,Person from McKinleyville CSD,Job Title,1-800-555-5272,person@agency.gov,9
Millbrae City,Interception | Treatment,348661,Person from Millbrae City,Job Title,1-800-555-1238,person@agency.gov,8
Modesto City,Collection | Disposal,605093,Person from Modesto City,Job Title,1-800-555-2571,person@agency.gov,9
Montecito Sanitary District,Treatment | Disposal,470496,Person from Montecito Sanitary District,Job Title,1-800-555-3455,person@agency.gov,4
Morro Bay SD,Interception | Treatment,106825,Person from Morro Bay SD,Job Title,1-800-555-7078,person@agency.gov,8
Mountain House CSD,Interception | Treatment | Disposal,512147,Person from Mountain House CSD,Job Title,1-800-555-9967,person@agency.gov,6
Monterey One Water, Interception | Disposal,934647,Person from Monterey One Water,Job Title,1-800-555-4149,person@agency.gov,10
Mt View Sanitary District,Interception | Treatment,404024,Person from Mt View Sanitary District,Job Title,1-800-555-3834,person@agency.gov,8
Ventura County Special Districts,Interception | Treatment | Disposal,50368,Person from Ventura County Special Districts,Job Title,1-800-555-4719,person@agency.gov,6
Napa Sanitation District,Treatment | Disposal,288117,Person from Napa Sanitation District,Job Title,1-800-555-8103,person@agency.gov,4
North San Mateo County Sanitation District,Collection | Disposal,94815,Person from North San Mateo County Sanitation District,Job Title,1-800-555-6944,person@agency.gov,9
Novato Sanitary District,Collection | Interception | Treatment | Disposal,21377,Person from Novato Sanitary District,Job Title,1-800-555-2651,person@agency.gov,1
Olivehurst PUD,Collection | Interception | Treatment | Disposal,377296,Person from Olivehurst PUD,Job Title,1-800-555-1155,person@agency.gov,1
Oro Loma Sanitary District,Treatment,740127,Person from Oro Loma Sanitary District,Job Title,1-800-555-9940,person@agency.gov,5
Sewerage Commission Oroville Region,Collection | Treatment,834218,Person from Sewerage Commission Oroville Region,Job Title,1-800-555-4461,person@agency.gov,3
Ojai Valley Sanitary District,Collection | Treatment,512963,Person from Ojai Valley Sanitary District,Job Title,1-800-555-8228,person@agency.gov,3
Oxnard City Wastewater Division,Collection | Treatment,926529,Person from Oxnard City Wastewater Division,Job Title,1-800-555-5538,person@agency.gov,3
Padre Dam Municipal Water District,Collection | Disposal,344115,Person from Padre Dam Municipal Water District,Job Title,1-800-555-8172,person@agency.gov,9
Palo Alto City,Interception | Treatment,107542,Person from Palo Alto City,Job Title,1-800-555-8966,person@agency.gov,8
City of El Paso de Robles, Interception | Disposal,137775,Person from City of El Paso de Robles,Job Title,1-800-555-5779,person@agency.gov,10
Petaluma City DPW,Treatment,812033,Person from Petaluma City DPW,Job Title,1-800-555-7456,person@agency.gov,5
Pismo Beach City, Interception | Disposal,426607,Person from Pismo Beach City,Job Title,1-800-555-1970,person@agency.gov,10
San Diego City Metropolitan Wastewater Dept (Public Utilities),Treatment,835011,Person from San Diego City Metropolitan Wastewater Dept (Public Utilities),Job Title,1-800-555-4041,person@agency.gov,5
Red Bluff City,Interception | Treatment,685628,Person from Red Bluff City,Job Title,1-800-555-7644,person@agency.gov,8
Richmond City,Collection | Disposal,948002,Person from Richmond City,Job Title,1-800-555-6258,person@agency.gov,9
Rodeo Sanitary District,Interception | Treatment | Disposal,498764,Person from Rodeo Sanitary District,Job Title,1-800-555-2784,person@agency.gov,7
South San Francisco City,Collection | Interception | Treatment | Disposal,269260,Person from South San Francisco City,Job Title,1-800-555-8816,person@agency.gov,1
Sacramento Regional CSD,Interception | Treatment | Disposal,616157,Person from Sacramento Regional CSD,Job Title,1-800-555-5011,person@agency.gov,7
SEWER AUTHORITY MID-COASTSIDE,Collection | Interception | Treatment | Disposal,778851,Person from SEWER AUTHORITY MID-COASTSIDE,Job Title,1-800-555-9217,person@agency.gov,1
San Elijo Joint Powers,Collection | Disposal,103694,Person from San Elijo Joint Powers,Job Title,1-800-555-2649,person@agency.gov,9
San Jose City,Interception | Treatment | Disposal,806302,Person from San Jose City,Job Title,1-800-555-2069,person@agency.gov,7
San Juan Bautista City,Collection | Interception | Treatment | Disposal,406736,Person from San Juan Bautista City,Job Title,1-800-555-3245,person@agency.gov,1
San Leandro City, Interception | Disposal,286713,Person from San Leandro City,Job Title,1-800-555-1553,person@agency.gov,10
San Luis Obispo City,Collection | Disposal,833263,Person from San Luis Obispo City,Job Title,1-800-555-1725,person@agency.gov,9
San Mateo City,Interception | Treatment,871150,Person from San Mateo City,Job Title,1-800-555-4477,person@agency.gov,8
Santa Cruz City,Treatment | Disposal,883923,Person from Santa Cruz City,Job Title,1-800-555-6055,person@agency.gov,4
Santa Rosa City Dept of Public Works,Collection | Interception | Treatment,71394,Person from Santa Rosa City Dept of Public Works,Job Title,1-800-555-4090,person@agency.gov,2
Sewerage Agency of Southern Marin,Collection | Treatment,424404,Person from Sewerage Agency of Southern Marin,Job Title,1-800-555-1909,person@agency.gov,3
Sausalito-Marin City San District,Collection | Interception | Treatment | Disposal,959931,Person from Sausalito-Marin City San District,Job Title,1-800-555-2218,person@agency.gov,1
Silicon Valley Clean Water, Interception | Disposal,268524,Person from Silicon Valley Clean Water,Job Title,1-800-555-6315,person@agency.gov,10
South County Regional WW Authority,Collection | Interception | Treatment | Disposal,686281,Person from South County Regional WW Authority,Job Title,1-800-555-9456,person@agency.gov,1
San Francisco Public Utilities Commission, Interception | Disposal,340786,Person from San Francisco Public Utilities Commission,Job Title,1-800-555-6176,person@agency.gov,10
Shasta Lake City,Interception | Treatment | Disposal,662555,Person from Shasta Lake City,Job Title,1-800-555-1844,person@agency.gov,6
Sonoma County Water Agency (SCWA) R1,Interception | Treatment | Disposal,153222,Person from Sonoma County Water Agency (SCWA) R1,Job Title,1-800-555-8598,person@agency.gov,7
IBWC-US & Mexico Section,Collection | Interception | Treatment | Disposal,50767,Person from IBWC-US & Mexico Section,Job Title,1-800-555-6995,person@agency.gov,1
South San Luis Obispo CSD,Interception | Treatment | Disposal,461657,Person from South San Luis Obispo CSD,Job Title,1-800-555-3373,person@agency.gov,7
Stockton City,Interception | Treatment | Disposal,847579,Person from Stockton City,Job Title,1-800-555-2892,person@agency.gov,6
Colton City,Treatment,62928,Person from Colton City,Job Title,1-800-555-3491,person@agency.gov,5
Rialto City,Collection | Interception | Treatment,553369,Person from Rialto City,Job Title,1-800-555-1390,person@agency.gov,2
Riverside City,Interception | Treatment | Disposal,197536,Person from Riverside City,Job Title,1-800-555-5021,person@agency.gov,6
Irvine Ranch Water District,Collection | Interception | Treatment | Disposal,640625,Person from Irvine Ranch Water District,Job Title,1-800-555-3806,person@agency.gov,1
Orange CSD,Collection | Treatment,127684,Person from Orange CSD,Job Title,1-800-555-7021,person@agency.gov,3
Yucaipa Valley Water District,Collection | Interception | Treatment,598716,Person from Yucaipa Valley Water District,Job Title,1-800-555-2084,person@agency.gov,2
Inland Empire Utilities Agency,Interception | Treatment | Disposal,165968,Person from Inland Empire Utilities Agency,Job Title,1-800-555-4039,person@agency.gov,6
Beaumont City,Collection | Interception | Treatment | Disposal,635945,Person from Beaumont City,Job Title,1-800-555-5755,person@agency.gov,1
Corona City DWP,Collection | Disposal,702417,Person from Corona City DWP,Job Title,1-800-555-9319,person@agency.gov,9
Colton/San Bernardino RTT&WRA,Collection | Disposal,572050,Person from Colton/San Bernardino RTT&WRA,Job Title,1-800-555-4878,person@agency.gov,9
Eastern Municipal Water District,Collection | Treatment,743470,Person from Eastern Municipal Water District,Job Title,1-800-555-4712,person@agency.gov,3
Western Riverside County Regional Wastewater Authority,Treatment,855853,Person from Western Riverside County Regional Wastewater Authority,Job Title,1-800-555-8603,person@agency.gov,5
Elsinore Valley Municipal Water Dist,Interception | Treatment | Disposal,206188,Person from Elsinore Valley Municipal Water Dist,Job Title,1-800-555-8846,person@agency.gov,6
Temescal Valley Water District,Collection | Disposal,115754,Person from Temescal Valley Water District,Job Title,1-800-555-5152,person@agency.gov,9
San Bernardino City Municipal Water Dept,Collection | Treatment,34164,Person from San Bernardino City Municipal Water Dept,Job Title,1-800-555-3692,person@agency.gov,3
Sunnyvale City,Interception | Treatment | Disposal,368480,Person from Sunnyvale City,Job Title,1-800-555-1633,person@agency.gov,6
Susanville Consol SD,Treatment | Disposal,389038,Person from Susanville Consol SD,Job Title,1-800-555-1195,person@agency.gov,4
Santa Clarita Valley SD of Los Angeles Cnty,Treatment | Disposal,457326,Person from Santa Clarita Valley SD of Los Angeles Cnty,Job Title,1-800-555-9480,person@agency.gov,4
Simi Valley City,Interception | Treatment | Disposal,676278,Person from Simi Valley City,Job Title,1-800-555-8681,person@agency.gov,6
Tracy City,Treatment,32317,Person from Tracy City,Job Title,1-800-555-2191,person@agency.gov,5
Rio Vista City, Interception | Disposal,368702,Person from Rio Vista City,Job Title,1-800-555-1398,person@agency.gov,10
Turlock City,Treatment | Disposal,558984,Person from Turlock City,Job Title,1-800-555-8464,person@agency.gov,4
Las Virgenes MWD,Collection | Disposal,48201,Person from Las Virgenes MWD,Job Title,1-800-555-7426,person@agency.gov,9
UC Davis,Collection | Interception | Treatment,408831,Person from UC Davis,Job Title,1-800-555-1829,person@agency.gov,2
Ukiah City,Collection | Treatment,715242,Person from Ukiah City,Job Title,1-800-555-8135,person@agency.gov,3
Union Sanitary District,Collection | Treatment,326284,Person from Union Sanitary District,Job Title,1-800-555-1214,person@agency.gov,3
Vallejo Flood & Wastewater District (formerly Vallejo San & Flood Control District),Collection | Interception | Treatment | Disposal,621646,Person from Vallejo Flood & Wastewater District (formerly Vallejo San & Flood Control District),Job Title,1-800-555-8271,person@agency.gov,1
Valley Sanitary District,Collection | Interception | Treatment,240984,Person from Valley Sanitary District,Job Title,1-800-555-2097,person@agency.gov,2
Victor Valley Wastewater Reclamation Authority,Collection | Interception | Treatment,821763,Person from Victor Valley Wastewater Reclamation Authority,Job Title,1-800-555-4756,person@agency.gov,2
Ventura City,Interception | Treatment,841440,Person from Ventura City,Job Title,1-800-555-4732,person@agency.gov,8
Chico City,Collection | Treatment,224837,Person from Chico City,Job Title,1-800-555-8329,person@agency.gov,3
Watsonville City,Interception | Treatment | Disposal,800309,Person from Watsonville City,Job Title,1-800-555-6961,person@agency.gov,6
West County Wastewater District,Collection | Treatment,117984,Person from West County Wastewater District,Job Title,1-800-555-6944,person@agency.gov,3
Willits City,Interception | Treatment | Disposal,45867,Person from Willits City,Job Title,1-800-555-3038,person@agency.gov,6
Willows City,Collection | Interception | Treatment,629182,Person from Willows City,Job Title,1-800-555-5353,person@agency.gov,2
Windsor Water District,Collection | Interception | Treatment | Disposal,178622,Person from Windsor Water District,Job Title,1-800-555-1222,person@agency.gov,1
Woodland City,Collection | Treatment,599498,Person from Woodland City,Job Title,1-800-555-3628,person@agency.gov,3
Cutler-Orosi JT Powers WW Authority,Treatment | Disposal,69855,Person from Cutler-Orosi JT Powers WW Authority,Job Title,1-800-555-2911,person@agency.gov,4
West Basin MWD,Interception | Treatment | Disposal,509613,Person from West Basin MWD,Job Title,1-800-555-3220,person@agency.gov,6
Yuba City,Collection | Treatment,714346,Person from Yuba City,Job Title,1-800-555-3533,person@agency.gov,3
Newhall Ranch SD,Treatment | Disposal,712957,Person from Newhall Ranch SD,Job Title,1-800-555-1145,person@agency.gov,4
Atwater City,Treatment | Disposal,403489,Person from Atwater City,Job Title,1-800-555-2402,person@agency.gov,4
Water Replenishment District of Southern California,Interception | Treatment,465567,Person from Water Replenishment District of Southern California,Job Title,1-800-555-5384,person@agency.gov,8
American Valley CSD,Collection | Interception | Treatment,219326,Person from American Valley CSD,Job Title,1-800-555-6819,person@agency.gov,2
Alturas City,Collection | Disposal,919241,Person from Alturas City,Job Title,1-800-555-6833,person@agency.gov,9
Angels City, Interception | Disposal,440400,Person from Angels City,Job Title,1-800-555-6063,person@agency.gov,10
United Auburn Indian Community,Interception | Treatment | Disposal,754445,Person from United Auburn Indian Community,Job Title,1-800-555-7170,person@agency.gov,7
Avila Beach CSD,Interception | Treatment | Disposal,753766,Person from Avila Beach CSD,Job Title,1-800-555-8592,person@agency.gov,7
"Bear Valley Water District (Bear Valley, CA)", Interception | Disposal,443009,"Person from Bear Valley Water District (Bear Valley, CA)",Job Title,1-800-555-5780,person@agency.gov,10
Ca Dept of Parks & Rec Tahoma,Interception | Treatment | Disposal,723284,Person from Ca Dept of Parks & Rec Tahoma,Job Title,1-800-555-1729,person@agency.gov,6
Southern California Edison- Rosemead,Interception | Treatment | Disposal,332685,Person from Southern California Edison- Rosemead,Job Title,1-800-555-7955,person@agency.gov,7
Biggs City,Collection | Treatment,734200,Person from Biggs City,Job Title,1-800-555-1323,person@agency.gov,3
Calistoga City PWD,Collection | Disposal,251569,Person from Calistoga City PWD,Job Title,1-800-555-9532,person@agency.gov,9
Nevada CSD No 1,Collection | Treatment,535047,Person from Nevada CSD No 1,Job Title,1-800-555-9486,person@agency.gov,3
Chester PUD,Collection | Interception | Treatment | Disposal,264684,Person from Chester PUD,Job Title,1-800-555-4086,person@agency.gov,1
Jackson City,Collection | Interception | Treatment | Disposal,198389,Person from Jackson City,Job Title,1-800-555-3806,person@agency.gov,1
Colfax City, Interception | Disposal,873473,Person from Colfax City,Job Title,1-800-555-6947,person@agency.gov,10
College of the Redwoods,Collection | Interception | Treatment,758909,Person from College of the Redwoods,Job Title,1-800-555-5254,person@agency.gov,2
Colusa City,Collection | Disposal,378276,Person from Colusa City,Job Title,1-800-555-9440,person@agency.gov,9
Shasta CSA #17,Treatment,800146,Person from Shasta CSA #17,Job Title,1-800-555-1165,person@agency.gov,5
"Country Life MHRVP Asset Partners, L.P.",Treatment,165667,"Person from Country Life MHRVP Asset Partners, L.P.",Job Title,1-800-555-5277,person@agency.gov,5
Covelo CSD,Treatment | Disposal,790155,Person from Covelo CSD,Job Title,1-800-555-1227,person@agency.gov,4
Date Gardens Asset Partners LP,Collection | Disposal,390097,Person from Date Gardens Asset Partners LP,Job Title,1-800-555-7765,person@agency.gov,9
Grizzly Lake CSD,Collection | Interception | Treatment | Disposal,361162,Person from Grizzly Lake CSD,Job Title,1-800-555-2028,person@agency.gov,1
Ca Dept of Corrections & Rehabilitation,Collection | Interception | Treatment | Disposal,291116,Person from Ca Dept of Corrections & Rehabilitation,Job Title,1-800-555-5501,person@agency.gov,1
Donner Summit Public Utilities District,Interception | Treatment | Disposal,93860,Person from Donner Summit Public Utilities District,Job Title,1-800-555-9520,person@agency.gov,7
Dunsmuir City,Treatment | Disposal,900574,Person from Dunsmuir City,Job Title,1-800-555-7396,person@agency.gov,4
Ferndale City,Treatment | Disposal,356417,Person from Ferndale City,Job Title,1-800-555-1805,person@agency.gov,4
Forestville Water District,Collection | Treatment,288169,Person from Forestville Water District,Job Title,1-800-555-9245,person@agency.gov,3
Orange County Water District, Interception | Disposal,502579,Person from Orange County Water District,Job Title,1-800-555-7048,person@agency.gov,10
River Highlands CSD,Treatment,532930,Person from River Highlands CSD,Job Title,1-800-555-7903,person@agency.gov,5
Heber PUD,Interception | Treatment,362955,Person from Heber PUD,Job Title,1-800-555-6078,person@agency.gov,8
Heritage Ranch CSD,Interception | Treatment | Disposal,817121,Person from Heritage Ranch CSD,Job Title,1-800-555-7016,person@agency.gov,7
Holtville City,Collection | Interception | Treatment,546926,Person from Holtville City,Job Title,1-800-555-9978,person@agency.gov,2
Imperial CCD,Treatment,427930,Person from Imperial CCD,Job Title,1-800-555-2242,person@agency.gov,5
Loleta CSD,Collection | Interception | Treatment | Disposal,95266,Person from Loleta CSD,Job Title,1-800-555-9759,person@agency.gov,1
Marin Cnty Sanitary District 5,Collection | Interception | Treatment,629595,Person from Marin Cnty Sanitary District 5,Job Title,1-800-555-1568,person@agency.gov,2
Mendocino City CSD,Collection | Treatment,268983,Person from Mendocino City CSD,Job Title,1-800-555-2084,person@agency.gov,3
Mendocino County WWD #2 Anchor Bay,Collection | Treatment,562518,Person from Mendocino County WWD #2 Anchor Bay,Job Title,1-800-555-6063,person@agency.gov,3
Tehama  Co SD #1,Interception | Treatment | Disposal,905845,Person from Tehama  Co SD #1,Job Title,1-800-555-5595,person@agency.gov,7
Mt Shasta City,Interception | Treatment | Disposal,890603,Person from Mt Shasta City,Job Title,1-800-555-8652,person@agency.gov,6
Los Angeles Cnty DPW,Collection | Treatment,23778,Person from Los Angeles Cnty DPW,Job Title,1-800-555-5811,person@agency.gov,3
Nevada City,Collection | Interception | Treatment,98141,Person from Nevada City,Job Title,1-800-555-4164,person@agency.gov,2
Niland SD,Interception | Treatment,654843,Person from Niland SD,Job Title,1-800-555-4173,person@agency.gov,8
Crockett Community Services District,Interception | Treatment | Disposal,600936,Person from Crockett Community Services District,Job Title,1-800-555-1833,person@agency.gov,6
Portola City,Collection | Interception | Treatment,638385,Person from Portola City,Job Title,1-800-555-6963,person@agency.gov,2
Ragged Point Inn,Treatment | Disposal,652111,Person from Ragged Point Inn,Job Title,1-800-555-7055,person@agency.gov,4
Redway CSD, Interception | Disposal,230210,Person from Redway CSD,Job Title,1-800-555-8469,person@agency.gov,10
Rio Dell City, Interception | Disposal,463349,Person from Rio Dell City,Job Title,1-800-555-4783,person@agency.gov,10
Calaveras Cnty Water District,Treatment,626654,Person from Calaveras Cnty Water District,Job Title,1-800-555-7550,person@agency.gov,5
San Andreas SD,Interception | Treatment | Disposal,644844,Person from San Andreas SD,Job Title,1-800-555-3453,person@agency.gov,7
San Simeon CSD,Collection | Interception | Treatment,903098,Person from San Simeon CSD,Job Title,1-800-555-5113,person@agency.gov,2
Scotts Valley City,Collection | Disposal,411620,Person from Scotts Valley City,Job Title,1-800-555-7987,person@agency.gov,9
Graton CSD,Treatment,995330,Person from Graton CSD,Job Title,1-800-555-1986,person@agency.gov,5
Seeley Cnty WD,Collection | Treatment,740545,Person from Seeley Cnty WD,Job Title,1-800-555-4762,person@agency.gov,3
Humboldt County Resort Improvement District #1,Treatment,498218,Person from Humboldt County Resort Improvement District #1,Job Title,1-800-555-5680,person@agency.gov,5
St. Helena City,Interception | Treatment,375081,Person from St. Helena City,Job Title,1-800-555-8814,person@agency.gov,8
Summerland SD,Collection | Treatment,25344,Person from Summerland SD,Job Title,1-800-555-1084,person@agency.gov,3
US Navy Naval Air Station El Centro,Collection | Interception | Treatment | Disposal,42107,Person from US Navy Naval Air Station El Centro,Job Title,1-800-555-5788,person@agency.gov,1
Westmorland City,Collection | Interception | Treatment,128140,Person from Westmorland City,Job Title,1-800-555-1945,person@agency.gov,2
Williams City,Interception | Treatment,736971,Person from Williams City,Job Title,1-800-555-8999,person@agency.gov,8
Bear Valley CSD,Interception | Treatment,341213,Person from Bear Valley CSD,Job Title,1-800-555-4478,person@agency.gov,8
Stallion Springs CMSD,Collection | Interception | Treatment,406533,Person from Stallion Springs CMSD,Job Title,1-800-555-5643,person@agency.gov,2
Mariposa PUD, Interception | Disposal,293315,Person from Mariposa PUD,Job Title,1-800-555-4650,person@agency.gov,10
"Yountville, Town of",Interception | Treatment | Disposal,604537,"Person from Yountville, Town of",Job Title,1-800-555-2008,person@agency.gov,6
"Scotia Town, LLC",Interception | Treatment | Disposal,269380,"Person from Scotia Town, LLC",Job Title,1-800-555-1693,person@agency.gov,6
Anderson City,Interception | Treatment,585182,Person from Anderson City,Job Title,1-800-555-8808,person@agency.gov,8
Morro Bay City Administration Services Dept,Collection | Treatment,349707,Person from Morro Bay City Administration Services Dept,Job Title,1-800-555-2189,person@agency.gov,3
E&J Gallo Winery,Collection | Treatment,289517,Person from E&J Gallo Winery,Job Title,1-800-555-3509,person@agency.gov,3
"Harwood Products, Inc.",Treatment,323982,"Person from Harwood Products, Inc.",Job Title,1-800-555-7301,person@agency.gov,5
Salinas City,Collection | Disposal,918702,Person from Salinas City,Job Title,1-800-555-2286,person@agency.gov,9
Winters City,Collection | Disposal,993834,Person from Winters City,Job Title,1-800-555-7132,person@agency.gov,9
Hess Collection Winery,Interception | Treatment,870001,Person from Hess Collection Winery,Job Title,1-800-555-6079,person@agency.gov,8
Mayacama Golf Club LLC,Treatment | Disposal,968005,Person from Mayacama Golf Club LLC,Job Title,1-800-555-4101,person@agency.gov,4
Wish I Ah Care Center,Interception | Treatment,836167,Person from Wish I Ah Care Center,Job Title,1-800-555-2729,person@agency.gov,8
Fresno County,Treatment,755834,Person from Fresno County,Job Title,1-800-555-3125,person@agency.gov,5
Madera County Public Works Department - Special Districts, Interception | Disposal,207287,Person from Madera County Public Works Department - Special Districts,Job Title,1-800-555-3531,person@agency.gov,10
"Fernandez, Albert & Zinia",Treatment,803456,"Person from Fernandez, Albert & Zinia",Job Title,1-800-555-1701,person@agency.gov,5
USDI National Park Service Sequoia & Kings Canyon,Treatment,880011,Person from USDI National Park Service Sequoia & Kings Canyon,Job Title,1-800-555-6045,person@agency.gov,5
Merced Irrigation District,Interception | Treatment | Disposal,137003,Person from Merced Irrigation District,Job Title,1-800-555-8139,person@agency.gov,6
"Baer, William",Treatment,538732,"Person from Baer, William",Job Title,1-800-555-7940,person@agency.gov,5
Pacific Holt Corporation,Interception | Treatment | Disposal,441027,Person from Pacific Holt Corporation,Job Title,1-800-555-9645,person@agency.gov,7
Westside Harvesting LLC,Collection | Disposal,625346,Person from Westside Harvesting LLC,Job Title,1-800-555-6610,person@agency.gov,9
Ca Dept of Forestry Sacramento, Interception | Disposal,710840,Person from Ca Dept of Forestry Sacramento,Job Title,1-800-555-3972,person@agency.gov,10
Ione City,Collection | Interception | Treatment,21918,Person from Ione City,Job Title,1-800-555-7467,person@agency.gov,2
Ca Dept of Parks & Rec Lebec,Treatment | Disposal,191164,Person from Ca Dept of Parks & Rec Lebec,Job Title,1-800-555-8884,person@agency.gov,4
"Consolidated Tribal Health Project, Inc.",Interception | Treatment | Disposal,954201,"Person from Consolidated Tribal Health Project, Inc.",Job Title,1-800-555-6294,person@agency.gov,6
San Joaquin Cnty Public Works, Interception | Disposal,697743,Person from San Joaquin Cnty Public Works,Job Title,1-800-555-1714,person@agency.gov,10
Del Rio West by Paramount LLC, Interception | Disposal,506175,Person from Del Rio West by Paramount LLC,Job Title,1-800-555-5422,person@agency.gov,10
Dodge Ridge Corporation,Collection | Interception | Treatment | Disposal,79937,Person from Dodge Ridge Corporation,Job Title,1-800-555-4715,person@agency.gov,1
MP Mine Operations LLC,Collection | Interception | Treatment | Disposal,117683,Person from MP Mine Operations LLC,Job Title,1-800-555-2144,person@agency.gov,1
"Pete Pereira Co., LLC",Collection | Disposal,896720,"Person from Pete Pereira Co., LLC",Job Title,1-800-555-1711,person@agency.gov,9
"Amiri, Haleh",Collection | Interception | Treatment,772226,"Person from Amiri, Haleh",Job Title,1-800-555-8029,person@agency.gov,2
Amador Water Agency,Treatment,252504,Person from Amador Water Agency,Job Title,1-800-555-2181,person@agency.gov,5
US Army Corps of Engineers Sacramento,Collection | Interception | Treatment | Disposal,944474,Person from US Army Corps of Engineers Sacramento,Job Title,1-800-555-4646,person@agency.gov,1
US Army Corps of Engineers Smartville,Collection | Interception | Treatment | Disposal,953956,Person from US Army Corps of Engineers Smartville,Job Title,1-800-555-5282,person@agency.gov,1
"Evergreen Destination Holdings, LLC",Collection | Disposal,404933,"Person from Evergreen Destination Holdings, LLC",Job Title,1-800-555-8740,person@agency.gov,9
"STG Asset Management, Inc", Interception | Disposal,566398,"Person from STG Asset Management, Inc",Job Title,1-800-555-7200,person@agency.gov,10
French Ranch LLC,Treatment,641230,Person from French Ranch LLC,Job Title,1-800-555-4111,person@agency.gov,5
Ca Dept of Forestry Georgetown Calfire,Collection | Treatment,616579,Person from Ca Dept of Forestry Georgetown Calfire,Job Title,1-800-555-5873,person@agency.gov,3
Lake Don Pedro Homeowners Association,Interception | Treatment | Disposal,6130,Person from Lake Don Pedro Homeowners Association,Job Title,1-800-555-3597,person@agency.gov,6
Santa Barbara Cnty Parks Dept,Collection | Interception | Treatment,526665,Person from Santa Barbara Cnty Parks Dept,Job Title,1-800-555-1045,person@agency.gov,2
Butte CSA,Collection | Treatment,63830,Person from Butte CSA,Job Title,1-800-555-5402,person@agency.gov,3
US Army Corps of Engineers Lake Kaweah,Collection | Treatment,998357,Person from US Army Corps of Engineers Lake Kaweah,Job Title,1-800-555-1952,person@agency.gov,3
Deer Meadow Leachfield Service,Treatment | Disposal,701485,Person from Deer Meadow Leachfield Service,Job Title,1-800-555-6733,person@agency.gov,4
Leland Meadow Water District,Treatment | Disposal,247840,Person from Leland Meadow Water District,Job Title,1-800-555-7601,person@agency.gov,4
"Disinger, Margaret",Interception | Treatment,816790,"Person from Disinger, Margaret",Job Title,1-800-555-9883,person@agency.gov,8
Lewis Carroll School Assn,Interception | Treatment | Disposal,369565,Person from Lewis Carroll School Assn,Job Title,1-800-555-5276,person@agency.gov,7
Lagunitas School District,Interception | Treatment,583970,Person from Lagunitas School District,Job Title,1-800-555-9988,person@agency.gov,8
"McClure Boat Club, Inc",Collection | Disposal,975155,"Person from McClure Boat Club, Inc",Job Title,1-800-555-9353,person@agency.gov,9
Tuolumne Utilities District,Treatment,377994,Person from Tuolumne Utilities District,Job Title,1-800-555-5015,person@agency.gov,5
Ca Dept of Forestry Sanger,Treatment,792104,Person from Ca Dept of Forestry Sanger,Job Title,1-800-555-3694,person@agency.gov,5
Ca Dept of Forestry Springville,Interception | Treatment | Disposal,88138,Person from Ca Dept of Forestry Springville,Job Title,1-800-555-9280,person@agency.gov,6
US Navy Naval Air Station Lemoore,Collection | Interception | Treatment,374110,Person from US Navy Naval Air Station Lemoore,Job Title,1-800-555-8825,person@agency.gov,2
San Francisco City & County,Interception | Treatment | Disposal,300053,Person from San Francisco City & County,Job Title,1-800-555-9244,person@agency.gov,6
Hartland Christian Association,Collection | Treatment,681347,Person from Hartland Christian Association,Job Title,1-800-555-8573,person@agency.gov,3
Trinity Community Church,Collection | Disposal,518435,Person from Trinity Community Church,Job Title,1-800-555-9204,person@agency.gov,9
Ca Dept of Forestry Jamestown,Interception | Treatment | Disposal,233857,Person from Ca Dept of Forestry Jamestown,Job Title,1-800-555-9045,person@agency.gov,6
San Diego County Dept of Public Works,Treatment,762334,Person from San Diego County Dept of Public Works,Job Title,1-800-555-1912,person@agency.gov,5
Rawhide Investment Company Inc,Interception | Treatment | Disposal,324118,Person from Rawhide Investment Company Inc,Job Title,1-800-555-4646,person@agency.gov,6
Lytton Rancheria of California,Collection | Disposal,43797,Person from Lytton Rancheria of California,Job Title,1-800-555-1057,person@agency.gov,9
USDI Bureau of Reclamation Sacramento, Interception | Disposal,463854,Person from USDI Bureau of Reclamation Sacramento,Job Title,1-800-555-9481,person@agency.gov,10
Ca Dept of Parks & Rec Gustine,Collection | Treatment,971803,Person from Ca Dept of Parks & Rec Gustine,Job Title,1-800-555-7886,person@agency.gov,3
"Fry, April & Simon dba Los Banos West I-5 KOA",Treatment,971249,"Person from Fry, April & Simon dba Los Banos West I-5 KOA",Job Title,1-800-555-3537,person@agency.gov,5
Ocean Park Manor LLC,Interception | Treatment | Disposal,491593,Person from Ocean Park Manor LLC,Job Title,1-800-555-1057,person@agency.gov,7
Rush Creek Meadow & Douglas Family Trust,Collection | Interception | Treatment | Disposal,411037,Person from Rush Creek Meadow & Douglas Family Trust,Job Title,1-800-555-6049,person@agency.gov,1
United Fuels, Interception | Disposal,118314,Person from United Fuels,Job Title,1-800-555-6983,person@agency.gov,10
Sugar Pine HOA,Treatment | Disposal,721005,Person from Sugar Pine HOA,Job Title,1-800-555-7913,person@agency.gov,4
Tejon Grapevine,Interception | Treatment | Disposal,236478,Person from Tejon Grapevine,Job Title,1-800-555-6542,person@agency.gov,7
Tibetan Nyingma Meditation Center,Collection | Interception | Treatment,810421,Person from Tibetan Nyingma Meditation Center,Job Title,1-800-555-7918,person@agency.gov,2
Kern Cnty Eng & Surveying Services Dept,Collection | Interception | Treatment,725354,Person from Kern Cnty Eng & Surveying Services Dept,Job Title,1-800-555-3335,person@agency.gov,2
USDA Forest Service Six Rivers NF Eureka,Treatment | Disposal,468755,Person from USDA Forest Service Six Rivers NF Eureka,Job Title,1-800-555-9858,person@agency.gov,4
California American Water Company Monterey, Interception | Disposal,935456,Person from California American Water Company Monterey,Job Title,1-800-555-7603,person@agency.gov,10
CA Dept of Transportation District 3,Treatment | Disposal,598142,Person from CA Dept of Transportation District 3,Job Title,1-800-555-3053,person@agency.gov,4
North of River SD #1,Collection | Interception | Treatment,603186,Person from North of River SD #1,Job Title,1-800-555-8004,person@agency.gov,2
California Hot Springs Water Company,Treatment,461561,Person from California Hot Springs Water Company,Job Title,1-800-555-6453,person@agency.gov,5
Sierra Shadows MHP,Treatment,88555,Person from Sierra Shadows MHP,Job Title,1-800-555-8345,person@agency.gov,5
Del Rio East HOA, Interception | Disposal,814748,Person from Del Rio East HOA,Job Title,1-800-555-3684,person@agency.gov,10
"Singh, Lexander",Interception | Treatment | Disposal,19145,"Person from Singh, Lexander",Job Title,1-800-555-8013,person@agency.gov,7
Stanislaus Cnty Office of Education,Interception | Treatment,424545,Person from Stanislaus Cnty Office of Education,Job Title,1-800-555-9119,person@agency.gov,8
"DRB Riverland, LLC",Collection | Treatment,981930,"Person from DRB Riverland, LLC",Job Title,1-800-555-3939,person@agency.gov,3
Chawanakee Unified School District,Treatment | Disposal,678016,Person from Chawanakee Unified School District,Job Title,1-800-555-4595,person@agency.gov,4
US Army Corps of Engineers - Pine Flat Lake,Treatment | Disposal,647261,Person from US Army Corps of Engineers - Pine Flat Lake,Job Title,1-800-555-8405,person@agency.gov,4
MARIN COUNTY EHS (Marshall WWTP),Interception | Treatment | Disposal,340916,Person from MARIN COUNTY EHS (Marshall WWTP),Job Title,1-800-555-8412,person@agency.gov,6
Bartolomei Tommerick Bartolomei Properties LLC, Interception | Disposal,505754,Person from Bartolomei Tommerick Bartolomei Properties LLC,Job Title,1-800-555-9277,person@agency.gov,10
Kings River Union Elementary School District,Interception | Treatment | Disposal,93994,Person from Kings River Union Elementary School District,Job Title,1-800-555-5152,person@agency.gov,6
"Sonora Cascade Properties I, LP",Treatment | Disposal,215415,"Person from Sonora Cascade Properties I, LP",Job Title,1-800-555-1030,person@agency.gov,4
Sacramento MUD, Interception | Disposal,990855,Person from Sacramento MUD,Job Title,1-800-555-5661,person@agency.gov,10
Elk Grove Unified School District,Collection | Interception | Treatment | Disposal,864393,Person from Elk Grove Unified School District,Job Title,1-800-555-4390,person@agency.gov,1
Hageman Properties LLC,Interception | Treatment | Disposal,403594,Person from Hageman Properties LLC,Job Title,1-800-555-5506,person@agency.gov,6
Tulare Cnty Office of Education,Interception | Treatment | Disposal,881305,Person from Tulare Cnty Office of Education,Job Title,1-800-555-4979,person@agency.gov,6
Danco Builders,Collection | Disposal,549739,Person from Danco Builders,Job Title,1-800-555-3141,person@agency.gov,9
Brown-Forman Corporation, Interception | Disposal,317751,Person from Brown-Forman Corporation,Job Title,1-800-555-7805,person@agency.gov,10
Maxwell PUD,Treatment | Disposal,258427,Person from Maxwell PUD,Job Title,1-800-555-2169,person@agency.gov,4
Jordan Winery,Collection | Treatment,920891,Person from Jordan Winery,Job Title,1-800-555-8002,person@agency.gov,3
Kendall-Jackson Wine Estates,Treatment | Disposal,298750,Person from Kendall-Jackson Wine Estates,Job Title,1-800-555-7458,person@agency.gov,4
Rancho Cielo Youth Campus,Interception | Treatment,76056,Person from Rancho Cielo Youth Campus,Job Title,1-800-555-5099,person@agency.gov,8
Ca Dept of Parks & Rec Orick,Collection | Interception | Treatment,643291,Person from Ca Dept of Parks & Rec Orick,Job Title,1-800-555-7291,person@agency.gov,2
"Spirit of Joy Lutheran Church, Ramona, San Diego County",Collection | Interception | Treatment | Disposal,209290,"Person from Spirit of Joy Lutheran Church, Ramona, San Diego County",Job Title,1-800-555-7724,person@agency.gov,1
US Marine Corps Recruit Depot,Treatment | Disposal,791302,Person from US Marine Corps Recruit Depot,Job Title,1-800-555-9805,person@agency.gov,4
Santa Rosa City,Interception | Treatment | Disposal,138075,Person from Santa Rosa City,Job Title,1-800-555-5644,person@agency.gov,6
Smith Mountain LP, Interception | Disposal,77597,Person from Smith Mountain LP,Job Title,1-800-555-1377,person@agency.gov,10
Santa Rosa Regional Resources Authority,Collection | Interception | Treatment | Disposal,39042,Person from Santa Rosa Regional Resources Authority,Job Title,1-800-555-2927,person@agency.gov,1
"Van Dam, Craig",Collection | Treatment,91862,"Person from Van Dam, Craig",Job Title,1-800-555-1905,person@agency.gov,3
Lakeshore Resort,Collection | Interception | Treatment,112911,Person from Lakeshore Resort,Job Title,1-800-555-9040,person@agency.gov,2
New Auberry Water Association,Collection | Treatment,935057,Person from New Auberry Water Association,Job Title,1-800-555-3536,person@agency.gov,3
River Island East HOA,Collection | Treatment,73017,Person from River Island East HOA,Job Title,1-800-555-8981,person@agency.gov,3
Sherwood MHP,Interception | Treatment | Disposal,492376,Person from Sherwood MHP,Job Title,1-800-555-5971,person@agency.gov,7
Stonybrook Corporation,Interception | Treatment | Disposal,990423,Person from Stonybrook Corporation,Job Title,1-800-555-5299,person@agency.gov,6
Children's Hospital Central California,Collection | Interception | Treatment | Disposal,540192,Person from Children's Hospital Central California,Job Title,1-800-555-2468,person@agency.gov,1
AC Yosemite,Collection | Treatment,68888,Person from AC Yosemite,Job Title,1-800-555-2373,person@agency.gov,3
Lemon Cove Sanitary District,Collection | Disposal,251746,Person from Lemon Cove Sanitary District,Job Title,1-800-555-6757,person@agency.gov,9
London CSD, Interception | Disposal,102237,Person from London CSD,Job Title,1-800-555-1761,person@agency.gov,10
Sierra Joint Union High School District, Interception | Disposal,994118,Person from Sierra Joint Union High School District,Job Title,1-800-555-2420,person@agency.gov,10
Springville PUD,Interception | Treatment,678097,Person from Springville PUD,Job Title,1-800-555-8893,person@agency.gov,8
Golden State YMCA,Collection | Treatment,840959,Person from Golden State YMCA,Job Title,1-800-555-8678,person@agency.gov,3
MHC NAC Inc,Interception | Treatment,614129,Person from MHC NAC Inc,Job Title,1-800-555-8670,person@agency.gov,8
Majistee Corporation, Interception | Disposal,197411,Person from Majistee Corporation,Job Title,1-800-555-7200,person@agency.gov,10
Reynolds Resorts - Yosemite South LLC,Collection | Disposal,628395,Person from Reynolds Resorts - Yosemite South LLC,Job Title,1-800-555-1343,person@agency.gov,9
Yosemite Vista Estates,Interception | Treatment | Disposal,310447,Person from Yosemite Vista Estates,Job Title,1-800-555-7686,person@agency.gov,7
Yreka City,Collection | Interception | Treatment | Disposal,644533,Person from Yreka City,Job Title,1-800-555-3781,person@agency.gov,1
Mellenium Pacific Asset, Interception | Disposal,965522,Person from Mellenium Pacific Asset,Job Title,1-800-555-6104,person@agency.gov,10
Bohemian Club,Collection | Interception | Treatment | Disposal,711553,Person from Bohemian Club,Job Title,1-800-555-4182,person@agency.gov,1
Mustards Grill Restaurant,Treatment | Disposal,399249,Person from Mustards Grill Restaurant,Job Title,1-800-555-4845,person@agency.gov,4
Spalding Community Service District,Collection | Interception | Treatment | Disposal,641465,Person from Spalding Community Service District,Job Title,1-800-555-9586,person@agency.gov,1
El Dorado Cnty Env Mgmt Dept,Collection | Interception | Treatment | Disposal,420249,Person from El Dorado Cnty Env Mgmt Dept,Job Title,1-800-555-2427,person@agency.gov,1
Desert Vista Village LLC, Interception | Disposal,52544,Person from Desert Vista Village LLC,Job Title,1-800-555-5627,person@agency.gov,10
Drake Development LLC,Collection | Treatment,464459,Person from Drake Development LLC,Job Title,1-800-555-9821,person@agency.gov,3
Tomales Village CSD,Interception | Treatment | Disposal,119416,Person from Tomales Village CSD,Job Title,1-800-555-8906,person@agency.gov,7
Sysco Food Services of Sacramento Inc,Interception | Treatment | Disposal,841416,Person from Sysco Food Services of Sacramento Inc,Job Title,1-800-555-9261,person@agency.gov,7
East Bay MUD,Collection | Interception | Treatment | Disposal,411299,Person from East Bay MUD,Job Title,1-800-555-6664,person@agency.gov,1
Malibu City,Interception | Treatment,941579,Person from Malibu City,Job Title,1-800-555-3556,person@agency.gov,8
Anaheim City, Interception | Disposal,743520,Person from Anaheim City,Job Title,1-800-555-4956,person@agency.gov,10
Housing Authority Cnty of Merced,Collection | Disposal,861934,Person from Housing Authority Cnty of Merced,Job Title,1-800-555-5385,person@agency.gov,9
"Family Ranch, Inc.",Treatment | Disposal,816373,"Person from Family Ranch, Inc.",Job Title,1-800-555-1136,person@agency.gov,4
JH Ranch,Interception | Treatment,986213,Person from JH Ranch,Job Title,1-800-555-1755,person@agency.gov,8
Root Creek Water District,Collection | Interception | Treatment | Disposal,589076,Person from Root Creek Water District,Job Title,1-800-555-1574,person@agency.gov,1
Santa Rosa City Utilities Department (Biosolids),Interception | Treatment,990527,Person from Santa Rosa City Utilities Department (Biosolids),Job Title,1-800-555-8222,person@agency.gov,8
McCabe USD,Collection | Disposal,548858,Person from McCabe USD,Job Title,1-800-555-5974,person@agency.gov,9
Greek Orthodox Monestery of the Theotokos,Treatment | Disposal,889305,Person from Greek Orthodox Monestery of the Theotokos,Job Title,1-800-555-9897,person@agency.gov,4
Silver Oaks Cellars, Interception | Disposal,161115,Person from Silver Oaks Cellars,Job Title,1-800-555-3540,person@agency.gov,10
County of San Luis Obispo Dept. of Public Works,Interception | Treatment,279010,Person from County of San Luis Obispo Dept. of Public Works,Job Title,1-800-555-3704,person@agency.gov,8
Interstate 5 Travel Center,Interception | Treatment | Disposal,335953,Person from Interstate 5 Travel Center,Job Title,1-800-555-4124,person@agency.gov,7
CA Dept of Transportation District 6 Fresno,Collection | Disposal,236037,Person from CA Dept of Transportation District 6 Fresno,Job Title,1-800-555-5941,person@agency.gov,9
CA Dept of Transportation District 10 R5S,Collection | Interception | Treatment | Disposal,486966,Person from CA Dept of Transportation District 10 R5S,Job Title,1-800-555-1893,person@agency.gov,1
NASA-JPL, Interception | Disposal,870925,Person from NASA-JPL,Job Title,1-800-555-4886,person@agency.gov,10
Pacific Gas & Electric Company Auberry,Interception | Treatment | Disposal,130545,Person from Pacific Gas & Electric Company Auberry,Job Title,1-800-555-3851,person@agency.gov,6
Humane Society of Sonoma County,Interception | Treatment | Disposal,538471,Person from Humane Society of Sonoma County,Job Title,1-800-555-1577,person@agency.gov,6
Ramona Unified School District,Collection | Treatment,828324,Person from Ramona Unified School District,Job Title,1-800-555-5424,person@agency.gov,3
Mammoth Mountain Ski Area LLC,Treatment | Disposal,170830,Person from Mammoth Mountain Ski Area LLC,Job Title,1-800-555-9166,person@agency.gov,4
Los Angeles County Sanitation District 14,Interception | Treatment | Disposal,144053,Person from Los Angeles County Sanitation District 14,Job Title,1-800-555-9149,person@agency.gov,7
Napa Valley Marina,Collection | Interception | Treatment,767742,Person from Napa Valley Marina,Job Title,1-800-555-9700,person@agency.gov,2
San Antonio Canyon Mutual,Treatment | Disposal,615506,Person from San Antonio Canyon Mutual,Job Title,1-800-555-4217,person@agency.gov,4
"On The T Capital, LLC/Paradise With Purpose",Interception | Treatment | Disposal,55128,"Person from On The T Capital, LLC/Paradise With Purpose",Job Title,1-800-555-5138,person@agency.gov,7
Nick's Cove and Cottages,Interception | Treatment | Disposal,624376,Person from Nick's Cove and Cottages,Job Title,1-800-555-1250,person@agency.gov,7
Graeagle Land & Water Company,Collection | Interception | Treatment | Disposal,288870,Person from Graeagle Land & Water Company,Job Title,1-800-555-6233,person@agency.gov,1
CA Dept of Transportation District 9 Bishop R6,Interception | Treatment,51889,Person from CA Dept of Transportation District 9 Bishop R6,Job Title,1-800-555-1951,person@agency.gov,8
"Owner of OWTS at 100 Lagunitas Road, Lagunitas, Marin County",Collection | Interception | Treatment | Disposal,848627,"Person from Owner of OWTS at 100 Lagunitas Road, Lagunitas, Marin County",Job Title,1-800-555-5124,person@agency.gov,1
"Owner of OWTS at 195 Resaca Avenue, Forest Knolls, Marin County",Collection | Treatment,585880,"Person from Owner of OWTS at 195 Resaca Avenue, Forest Knolls, Marin County",Job Title,1-800-555-7753,person@agency.gov,3
Mendocino County Dept Public Works,Collection | Disposal,971733,Person from Mendocino County Dept Public Works,Job Title,1-800-555-9365,person@agency.gov,9
US Navy Environmental Division Naval Base Coronado PWO Building 3,Collection | Disposal,20509,Person from US Navy Environmental Division Naval Base Coronado PWO Building 3,Job Title,1-800-555-4126,person@agency.gov,9
"University of California, Davis - CAHFS",Collection | Disposal,547449,"Person from University of California, Davis - CAHFS",Job Title,1-800-555-6314,person@agency.gov,9
Saratoga Springs Owners,Collection | Interception | Treatment | Disposal,760539,Person from Saratoga Springs Owners,Job Title,1-800-555-1794,person@agency.gov,1
Super Store Industries,Treatment | Disposal,785561,Person from Super Store Industries,Job Title,1-800-555-6143,person@agency.gov,4
Harbor View Mutual Water Company,Collection | Interception | Treatment | Disposal,549819,Person from Harbor View Mutual Water Company,Job Title,1-800-555-8484,person@agency.gov,1
Lodi City,Collection | Treatment,419676,Person from Lodi City,Job Title,1-800-555-7263,person@agency.gov,3
US Air Force Vandenberg Air Force Base,Collection | Interception | Treatment | Disposal,505594,Person from US Air Force Vandenberg Air Force Base,Job Title,1-800-555-6137,person@agency.gov,1
Strasbaugh Inc,Collection | Interception | Treatment,940906,Person from Strasbaugh Inc,Job Title,1-800-555-4112,person@agency.gov,2
Walmart Stores East LP,Treatment | Disposal,367983,Person from Walmart Stores East LP,Job Title,1-800-555-2796,person@agency.gov,4
"Rodgers, Don",Interception | Treatment | Disposal,373703,"Person from Rodgers, Don",Job Title,1-800-555-3431,person@agency.gov,7
CA Dept of Transportation District 10,Interception | Treatment | Disposal,357979,Person from CA Dept of Transportation District 10,Job Title,1-800-555-1811,person@agency.gov,7
